execucao_id,alvo,condicao,ferramenta,tentativa,estado,duracao_segundos,achados,arquivos_com_achado,cwes_distintas
C1-ALVO-0001-R01,ALVO-0001,C1,bandit,1,concluida,1.071253023,5,1,5
C1-ALVO-0002-R01,ALVO-0002,C1,bandit,3,concluida,1.987234888,208,19,6
C1-ALVO-0003-R01,ALVO-0003,C1,bandit,3,concluida,4.999059202,110,38,9
C1-ALVO-0004-R01,ALVO-0004,C1,bandit,3,concluida,1.270653976,16,3,7
C1-ALVO-0005-R01,ALVO-0005,C1,bandit,1,concluida,0.884517865,13,1,6
C1-ALVO-0006-R01,ALVO-0006,C1,bandit,3,concluida,1.259466466,17,4,6
C1-ALVO-0007-R01,ALVO-0007,C1,bandit,1,concluida,1.233364925,2,2,2
C1-ALVO-0008-R01,ALVO-0008,C1,bandit,1,concluida,1.390688686,5,4,4
C1-ALVO-0009-R01,ALVO-0009,C1,bandit,1,concluida,1.516327264,3,3,1
C1-ALVO-0010-R01,ALVO-0010,C1,bandit,1,concluida,0.745417699,3,1,3
C1-ALVO-0011-R01,ALVO-0011,C1,bandit,1,concluida,0.812073297,9,1,6
C1-ALVO-0012-R01,ALVO-0012,C1,bandit,3,concluida,1.480656072,7,2,3
C1-ALVO-0013-R01,ALVO-0013,C1,bandit,1,concluida,1.126604869,11,1,6
C1-ALVO-0014-R01,ALVO-0014,C1,bandit,3,concluida,4.103268171,65,15,11
C1-ALVO-0015-R01,ALVO-0015,C1,bandit,1,concluida,1.942354402,15,8,6
C1-ALVO-0016-R01,ALVO-0016,C1,bandit,1,concluida,0.85499398,9,3,3
C1-ALVO-0017-R01,ALVO-0017,C1,bandit,1,concluida,0.732830069,1,1,1
C1-ALVO-0018-R01,ALVO-0018,C1,bandit,1,concluida,1.141639499,6,4,4
C1-ALVO-0019-R01,ALVO-0019,C1,bandit,3,concluida,1.113007269,7,4,4
C1-ALVO-0020-R01,ALVO-0020,C1,bandit,1,concluida,1.230324379,8,1,3
C1-ALVO-0021-R01,ALVO-0021,C1,bandit,1,concluida,0.857844878,9,4,5
C1-ALVO-0022-R01,ALVO-0022,C1,bandit,3,concluida,1.058856537,18,2,7
C1-ALVO-0023-R01,ALVO-0023,C1,bandit,1,concluida,1.083877992,15,10,6
C1-ALVO-0024-R01,ALVO-0024,C1,bandit,1,concluida,1.601257569,0,0,0
C1-ALVO-0025-R01,ALVO-0025,C1,bandit,3,concluida,2.790034391,87,32,8
C1-ALVO-0026-R01,ALVO-0026,C1,bandit,1,concluida,1.825858453,51,28,8
C2-ALVO-0001-R01,ALVO-0001,C2,semgrep,3,concluida,32.928309779,20,3,5
C2-ALVO-0002-R01,ALVO-0002,C2,semgrep,2,concluida,36.411023553,11,4,5
C2-ALVO-0003-R01,ALVO-0003,C2,semgrep,1,concluida,44.085113953,42,18,9
C2-ALVO-0004-R01,ALVO-0004,C2,semgrep,1,concluida,33.723892961,19,3,5
C2-ALVO-0005-R01,ALVO-0005,C2,semgrep,1,concluida,30.872499937,12,1,6
C2-ALVO-0006-R01,ALVO-0006,C2,semgrep,1,concluida,30.442027081,32,4,9
C2-ALVO-0007-R01,ALVO-0007,C2,semgrep,1,concluida,30.515688647,5,3,2
C2-ALVO-0008-R01,ALVO-0008,C2,semgrep,1,concluida,31.935264967,20,12,7
C2-ALVO-0009-R01,ALVO-0009,C2,semgrep,1,concluida,34.235933888,16,10,4
C2-ALVO-0010-R01,ALVO-0010,C2,semgrep,1,concluida,28.097535538,15,2,7
C2-ALVO-0011-R01,ALVO-0011,C2,semgrep,1,concluida,27.906292238,7,1,4
C2-ALVO-0012-R01,ALVO-0012,C2,semgrep,1,concluida,36.777100415,18,9,7
C2-ALVO-0013-R01,ALVO-0013,C2,semgrep,1,concluida,35.804060448,28,13,8
C2-ALVO-0014-R01,ALVO-0014,C2,semgrep,1,concluida,56.885608548,228,39,16
C2-ALVO-0015-R01,ALVO-0015,C2,semgrep,1,concluida,36.831787982,31,15,12
C2-ALVO-0016-R01,ALVO-0016,C2,semgrep,1,concluida,30.015307752,1,1,0
C2-ALVO-0017-R01,ALVO-0017,C2,semgrep,1,concluida,29.226935831,2,1,2
C2-ALVO-0018-R01,ALVO-0018,C2,semgrep,1,concluida,30.314624666,18,8,7
C2-ALVO-0019-R01,ALVO-0019,C2,semgrep,1,concluida,32.762082303,1,1,1
C2-ALVO-0020-R01,ALVO-0020,C2,semgrep,1,concluida,32.738101795,3,1,1
C2-ALVO-0021-R01,ALVO-0021,C2,semgrep,1,concluida,28.367393817,12,7,5
C2-ALVO-0022-R01,ALVO-0022,C2,semgrep,1,concluida,30.999351872,14,1,7
C2-ALVO-0023-R01,ALVO-0023,C2,semgrep,1,concluida,33.25877946,33,12,7
C2-ALVO-0024-R01,ALVO-0024,C2,semgrep,1,concluida,33.38062859,6,4,3
C2-ALVO-0025-R01,ALVO-0025,C2,semgrep,1,concluida,35.565156598,43,22,10
C2-ALVO-0026-R01,ALVO-0026,C2,semgrep,1,concluida,37.354489336,79,43,9
